X,Y,oa11cd,lad11cd
-6.35222936049468,49.9183680074259,E00096400,E06000053
-6.28171430846511,49.9630120231783,E00096401,E06000053
-6.29749076213259,49.9274459943666,E00096402,E06000053
-6.31251030496137,49.913959819262,E00096403,E06000053
-6.30605941421985,49.913538721068,E00096404,E06000053
-6.31168045638665,49.9135115889449,E00096405,E06000053
-6.2890047788597,49.916506786104,E00096406,E06000053
-6.31726391218108,49.9148528080281,E00096407,E06000053
-6.33455081132975,49.9541520009101,E00096408,E06000053
